Year,Team,Wins,WinPct,,,,,,,,,,,,,,,,,,,,,,,,,,,,,,,,,,,,
2018,Diamondbacks,82,0.50617284,,,,,,,,,,,,,,,,,,,,,,,,,,,,,,,,,,,,
2017,Diamondbacks,93,0.574074074,,,,,,,,,,,,,,,,,,,,,,,,,,,,,,,,,,,,
2016,Diamondbacks,69,0.425925926,,,,,,,,,,,,,,,,,,,,,,,,,,,,,,,,,,,,
2015,Diamondbacks,79,0.487654321,,,,,,,,,,,,,,,,,,,,,,,,,,,,,,,,,,,,
2014,Diamondbacks,64,0.395061728,,,,,,,,,,,,,,,,,,,,,,,,,,,,,,,,,,,,
2013,Diamondbacks,81,0.5,,,,,,,,,,,,,,,,,,,,,,,,,,,,,,,,,,,,
2012,Diamondbacks,81,0.5,,,,,,,,,,,,,,,,,,,,,,,,,,,,,,,,,,,,
2011,Diamondbacks,94,0.580246914,,,,,,,,,,,,,,,,,,,,,,,,,,,,,,,,,,,,
2010,Diamondbacks,65,0.401234568,,,,,,,,,,,,,,,,,,,,,,,,,,,,,,,,,,,,
2009,Diamondbacks,70,0.432098765,,,,,,,,,,,,,,,,,,,,,,,,,,,,,,,,,,,,
2008,Diamondbacks,82,0.50617284,,,,,,,,,,,,,,,,,,,,,,,,,,,,,,,,,,,,
2007,Diamondbacks,90,0.555555556,,,,,,,,,,,,,,,,,,,,,,,,,,,,,,,,,,,,
2006,Diamondbacks,76,0.469135802,,,,,,,,,,,,,,,,,,,,,,,,,,,,,,,,,,,,
2005,Diamondbacks,77,0.475308642,,,,,,,,,,,,,,,,,,,,,,,,,,,,,,,,,,,,
2004,Diamondbacks,51,0.314814815,,,,,,,,,,,,,,,,,,,,,,,,,,,,,,,,,,,,
2003,Diamondbacks,84,0.518518519,,,,,,,,,,,,,,,,,,,,,,,,,,,,,,,,,,,,
2002,Diamondbacks,98,0.604938272,,,,,,,,,,,,,,,,,,,,,,,,,,,,,,,,,,,,
2001,Diamondbacks,92,0.567901235,,,,,,,,,,,,,,,,,,,,,,,,,,,,,,,,,,,,
2000,Diamondbacks,85,0.524691358,,,,,,,,,,,,,,,,,,,,,,,,,,,,,,,,,,,,
1999,Diamondbacks,100,0.617283951,,,,,,,,,,,,,,,,,,,,,,,,,,,,,,,,,,,,
1998,Diamondbacks,65,0.401234568,,,,,,,,,,,,,,,,,,,,,,,,,,,,,,,,,,,,
1997,Diamondbacks,NA,NA,,,,,,,,,,,,,,,,,,,,,,,,,,,,,,,,,,,,
1996,Diamondbacks,NA,NA,,,,,,,,,,,,,,,,,,,,,,,,,,,,,,,,,,,,
2018,Braves,90,0.555555556,,,,,,,,,,,,,,,,,,,,,,,,,,,,,,,,,,,,
2017,Braves,72,0.444444444,,,,,,,,,,,,,,,,,,,,,,,,,,,,,,,,,,,,
2016,Braves,68,0.419753086,,,,,,,,,,,,,,,,,,,,,,,,,,,,,,,,,,,,
2015,Braves,67,0.413580247,,,,,,,,,,,,,,,,,,,,,,,,,,,,,,,,,,,,
2014,Braves,79,0.487654321,,,,,,,,,,,,,,,,,,,,,,,,,,,,,,,,,,,,
2013,Braves,96,0.592592593,,,,,,,,,,,,,,,,,,,,,,,,,,,,,,,,,,,,
2012,Braves,94,0.580246914,,,,,,,,,,,,,,,,,,,,,,,,,,,,,,,,,,,,
2011,Braves,89,0.549382716,,,,,,,,,,,,,,,,,,,,,,,,,,,,,,,,,,,,
2010,Braves,91,0.561728395,,,,,,,,,,,,,,,,,,,,,,,,,,,,,,,,,,,,
2009,Braves,86,0.530864198,,,,,,,,,,,,,,,,,,,,,,,,,,,,,,,,,,,,
2008,Braves,72,0.444444444,,,,,,,,,,,,,,,,,,,,,,,,,,,,,,,,,,,,
2007,Braves,84,0.518518519,,,,,,,,,,,,,,,,,,,,,,,,,,,,,,,,,,,,
2006,Braves,79,0.487654321,,,,,,,,,,,,,,,,,,,,,,,,,,,,,,,,,,,,
2005,Braves,90,0.555555556,,,,,,,,,,,,,,,,,,,,,,,,,,,,,,,,,,,,
2004,Braves,96,0.592592593,,,,,,,,,,,,,,,,,,,,,,,,,,,,,,,,,,,,
2003,Braves,101,0.62345679,,,,,,,,,,,,,,,,,,,,,,,,,,,,,,,,,,,,
2002,Braves,101,0.62345679,,,,,,,,,,,,,,,,,,,,,,,,,,,,,,,,,,,,
2001,Braves,88,0.543209877,,,,,,,,,,,,,,,,,,,,,,,,,,,,,,,,,,,,
2000,Braves,95,0.586419753,,,,,,,,,,,,,,,,,,,,,,,,,,,,,,,,,,,,
1999,Braves,103,0.635802469,,,,,,,,,,,,,,,,,,,,,,,,,,,,,,,,,,,,
1998,Braves,106,0.654320988,,,,,,,,,,,,,,,,,,,,,,,,,,,,,,,,,,,,
1997,Braves,101,0.62345679,,,,,,,,,,,,,,,,,,,,,,,,,,,,,,,,,,,,
1996,Braves,96,0.592592593,,,,,,,,,,,,,,,,,,,,,,,,,,,,,,,,,,,,
2018,Orioles,47,0.290123457,,,,,,,,,,,,,,,,,,,,,,,,,,,,,,,,,,,,
2017,Orioles,75,0.462962963,,,,,,,,,,,,,,,,,,,,,,,,,,,,,,,,,,,,
2016,Orioles,89,0.549382716,,,,,,,,,,,,,,,,,,,,,,,,,,,,,,,,,,,,
2015,Orioles,81,0.5,,,,,,,,,,,,,,,,,,,,,,,,,,,,,,,,,,,,
2014,Orioles,96,0.592592593,,,,,,,,,,,,,,,,,,,,,,,,,,,,,,,,,,,,
2013,Orioles,85,0.524691358,,,,,,,,,,,,,,,,,,,,,,,,,,,,,,,,,,,,
2012,Orioles,93,0.574074074,,,,,,,,,,,,,,,,,,,,,,,,,,,,,,,,,,,,
2011,Orioles,69,0.425925926,,,,,,,,,,,,,,,,,,,,,,,,,,,,,,,,,,,,
2010,Orioles,66,0.407407407,,,,,,,,,,,,,,,,,,,,,,,,,,,,,,,,,,,,
2009,Orioles,64,0.395061728,,,,,,,,,,,,,,,,,,,,,,,,,,,,,,,,,,,,
2008,Orioles,68,0.419753086,,,,,,,,,,,,,,,,,,,,,,,,,,,,,,,,,,,,
2007,Orioles,69,0.425925926,,,,,,,,,,,,,,,,,,,,,,,,,,,,,,,,,,,,
2006,Orioles,70,0.432098765,,,,,,,,,,,,,,,,,,,,,,,,,,,,,,,,,,,,
2005,Orioles,74,0.456790123,,,,,,,,,,,,,,,,,,,,,,,,,,,,,,,,,,,,
2004,Orioles,78,0.481481481,,,,,,,,,,,,,,,,,,,,,,,,,,,,,,,,,,,,
2003,Orioles,71,0.438271605,,,,,,,,,,,,,,,,,,,,,,,,,,,,,,,,,,,,
2002,Orioles,67,0.413580247,,,,,,,,,,,,,,,,,,,,,,,,,,,,,,,,,,,,
2001,Orioles,63,0.388888889,,,,,,,,,,,,,,,,,,,,,,,,,,,,,,,,,,,,
2000,Orioles,74,0.456790123,,,,,,,,,,,,,,,,,,,,,,,,,,,,,,,,,,,,
1999,Orioles,78,0.481481481,,,,,,,,,,,,,,,,,,,,,,,,,,,,,,,,,,,,
1998,Orioles,79,0.487654321,,,,,,,,,,,,,,,,,,,,,,,,,,,,,,,,,,,,
1997,Orioles,98,0.604938272,,,,,,,,,,,,,,,,,,,,,,,,,,,,,,,,,,,,
1996,Orioles,88,0.543209877,,,,,,,,,,,,,,,,,,,,,,,,,,,,,,,,,,,,
2018,Red Sox,108,0.666666667,,,,,,,,,,,,,,,,,,,,,,,,,,,,,,,,,,,,
2017,Red Sox,93,0.574074074,,,,,,,,,,,,,,,,,,,,,,,,,,,,,,,,,,,,
2016,Red Sox,93,0.574074074,,,,,,,,,,,,,,,,,,,,,,,,,,,,,,,,,,,,
2015,Red Sox,78,0.481481481,,,,,,,,,,,,,,,,,,,,,,,,,,,,,,,,,,,,
2014,Red Sox,71,0.438271605,,,,,,,,,,,,,,,,,,,,,,,,,,,,,,,,,,,,
2013,Red Sox,97,0.598765432,,,,,,,,,,,,,,,,,,,,,,,,,,,,,,,,,,,,
2012,Red Sox,69,0.425925926,,,,,,,,,,,,,,,,,,,,,,,,,,,,,,,,,,,,
2011,Red Sox,90,0.555555556,,,,,,,,,,,,,,,,,,,,,,,,,,,,,,,,,,,,
2010,Red Sox,89,0.549382716,,,,,,,,,,,,,,,,,,,,,,,,,,,,,,,,,,,,
2009,Red Sox,95,0.586419753,,,,,,,,,,,,,,,,,,,,,,,,,,,,,,,,,,,,
2008,Red Sox,95,0.586419753,,,,,,,,,,,,,,,,,,,,,,,,,,,,,,,,,,,,
2007,Red Sox,96,0.592592593,,,,,,,,,,,,,,,,,,,,,,,,,,,,,,,,,,,,
2006,Red Sox,86,0.530864198,,,,,,,,,,,,,,,,,,,,,,,,,,,,,,,,,,,,
2005,Red Sox,95,0.586419753,,,,,,,,,,,,,,,,,,,,,,,,,,,,,,,,,,,,
2004,Red Sox,98,0.604938272,,,,,,,,,,,,,,,,,,,,,,,,,,,,,,,,,,,,
2003,Red Sox,95,0.586419753,,,,,,,,,,,,,,,,,,,,,,,,,,,,,,,,,,,,
2002,Red Sox,93,0.574074074,,,,,,,,,,,,,,,,,,,,,,,,,,,,,,,,,,,,
2001,Red Sox,82,0.50617284,,,,,,,,,,,,,,,,,,,,,,,,,,,,,,,,,,,,
2000,Red Sox,85,0.524691358,,,,,,,,,,,,,,,,,,,,,,,,,,,,,,,,,,,,
1999,Red Sox,94,0.580246914,,,,,,,,,,,,,,,,,,,,,,,,,,,,,,,,,,,,
1998,Red Sox,92,0.567901235,,,,,,,,,,,,,,,,,,,,,,,,,,,,,,,,,,,,
1997,Red Sox,78,0.481481481,,,,,,,,,,,,,,,,,,,,,,,,,,,,,,,,,,,,
1996,Red Sox,85,0.524691358,,,,,,,,,,,,,,,,,,,,,,,,,,,,,,,,,,,,
2018,Cubs,95,0.586419753,,,,,,,,,,,,,,,,,,,,,,,,,,,,,,,,,,,,
2017,Cubs,92,0.567901235,,,,,,,,,,,,,,,,,,,,,,,,,,,,,,,,,,,,
2016,Cubs,103,0.635802469,,,,,,,,,,,,,,,,,,,,,,,,,,,,,,,,,,,,
2015,Cubs,97,0.598765432,,,,,,,,,,,,,,,,,,,,,,,,,,,,,,,,,,,,
2014,Cubs,73,0.450617284,,,,,,,,,,,,,,,,,,,,,,,,,,,,,,,,,,,,
2013,Cubs,66,0.407407407,,,,,,,,,,,,,,,,,,,,,,,,,,,,,,,,,,,,
2012,Cubs,61,0.37654321,,,,,,,,,,,,,,,,,,,,,,,,,,,,,,,,,,,,
2011,Cubs,71,0.438271605,,,,,,,,,,,,,,,,,,,,,,,,,,,,,,,,,,,,
2010,Cubs,75,0.462962963,,,,,,,,,,,,,,,,,,,,,,,,,,,,,,,,,,,,
2009,Cubs,83,0.512345679,,,,,,,,,,,,,,,,,,,,,,,,,,,,,,,,,,,,
2008,Cubs,97,0.598765432,,,,,,,,,,,,,,,,,,,,,,,,,,,,,,,,,,,,
2007,Cubs,85,0.524691358,,,,,,,,,,,,,,,,,,,,,,,,,,,,,,,,,,,,
2006,Cubs,66,0.407407407,,,,,,,,,,,,,,,,,,,,,,,,,,,,,,,,,,,,
2005,Cubs,79,0.487654321,,,,,,,,,,,,,,,,,,,,,,,,,,,,,,,,,,,,
2004,Cubs,89,0.549382716,,,,,,,,,,,,,,,,,,,,,,,,,,,,,,,,,,,,
2003,Cubs,88,0.543209877,,,,,,,,,,,,,,,,,,,,,,,,,,,,,,,,,,,,
2002,Cubs,67,0.413580247,,,,,,,,,,,,,,,,,,,,,,,,,,,,,,,,,,,,
2001,Cubs,88,0.543209877,,,,,,,,,,,,,,,,,,,,,,,,,,,,,,,,,,,,
2000,Cubs,65,0.401234568,,,,,,,,,,,,,,,,,,,,,,,,,,,,,,,,,,,,
1999,Cubs,67,0.413580247,,,,,,,,,,,,,,,,,,,,,,,,,,,,,,,,,,,,
1998,Cubs,90,0.555555556,,,,,,,,,,,,,,,,,,,,,,,,,,,,,,,,,,,,
1997,Cubs,68,0.419753086,,,,,,,,,,,,,,,,,,,,,,,,,,,,,,,,,,,,
1996,Cubs,76,0.469135802,,,,,,,,,,,,,,,,,,,,,,,,,,,,,,,,,,,,
2018,White Sox,62,0.382716049,,,,,,,,,,,,,,,,,,,,,,,,,,,,,,,,,,,,
2017,White Sox,67,0.413580247,,,,,,,,,,,,,,,,,,,,,,,,,,,,,,,,,,,,
2016,White Sox,78,0.481481481,,,,,,,,,,,,,,,,,,,,,,,,,,,,,,,,,,,,
2015,White Sox,76,0.469135802,,,,,,,,,,,,,,,,,,,,,,,,,,,,,,,,,,,,
2014,White Sox,73,0.450617284,,,,,,,,,,,,,,,,,,,,,,,,,,,,,,,,,,,,
2013,White Sox,63,0.388888889,,,,,,,,,,,,,,,,,,,,,,,,,,,,,,,,,,,,
2012,White Sox,85,0.524691358,,,,,,,,,,,,,,,,,,,,,,,,,,,,,,,,,,,,
2011,White Sox,79,0.487654321,,,,,,,,,,,,,,,,,,,,,,,,,,,,,,,,,,,,
2010,White Sox,88,0.543209877,,,,,,,,,,,,,,,,,,,,,,,,,,,,,,,,,,,,
2009,White Sox,79,0.487654321,,,,,,,,,,,,,,,,,,,,,,,,,,,,,,,,,,,,
2008,White Sox,89,0.549382716,,,,,,,,,,,,,,,,,,,,,,,,,,,,,,,,,,,,
2007,White Sox,72,0.444444444,,,,,,,,,,,,,,,,,,,,,,,,,,,,,,,,,,,,
2006,White Sox,90,0.555555556,,,,,,,,,,,,,,,,,,,,,,,,,,,,,,,,,,,,
2005,White Sox,99,0.611111111,,,,,,,,,,,,,,,,,,,,,,,,,,,,,,,,,,,,
2004,White Sox,83,0.512345679,,,,,,,,,,,,,,,,,,,,,,,,,,,,,,,,,,,,
2003,White Sox,86,0.530864198,,,,,,,,,,,,,,,,,,,,,,,,,,,,,,,,,,,,
2002,White Sox,81,0.5,,,,,,,,,,,,,,,,,,,,,,,,,,,,,,,,,,,,
2001,White Sox,83,0.512345679,,,,,,,,,,,,,,,,,,,,,,,,,,,,,,,,,,,,
2000,White Sox,95,0.586419753,,,,,,,,,,,,,,,,,,,,,,,,,,,,,,,,,,,,
1999,White Sox,75,0.462962963,,,,,,,,,,,,,,,,,,,,,,,,,,,,,,,,,,,,
1998,White Sox,80,0.49382716,,,,,,,,,,,,,,,,,,,,,,,,,,,,,,,,,,,,
1997,White Sox,80,0.49382716,,,,,,,,,,,,,,,,,,,,,,,,,,,,,,,,,,,,
1996,White Sox,85,0.524691358,,,,,,,,,,,,,,,,,,,,,,,,,,,,,,,,,,,,
2018,Reds,67,0.413580247,,,,,,,,,,,,,,,,,,,,,,,,,,,,,,,,,,,,
2017,Reds,68,0.419753086,,,,,,,,,,,,,,,,,,,,,,,,,,,,,,,,,,,,
2016,Reds,68,0.419753086,,,,,,,,,,,,,,,,,,,,,,,,,,,,,,,,,,,,
2015,Reds,64,0.395061728,,,,,,,,,,,,,,,,,,,,,,,,,,,,,,,,,,,,
2014,Reds,76,0.469135802,,,,,,,,,,,,,,,,,,,,,,,,,,,,,,,,,,,,
2013,Reds,90,0.555555556,,,,,,,,,,,,,,,,,,,,,,,,,,,,,,,,,,,,
2012,Reds,97,0.598765432,,,,,,,,,,,,,,,,,,,,,,,,,,,,,,,,,,,,
2011,Reds,79,0.487654321,,,,,,,,,,,,,,,,,,,,,,,,,,,,,,,,,,,,
2010,Reds,91,0.561728395,,,,,,,,,,,,,,,,,,,,,,,,,,,,,,,,,,,,
2009,Reds,78,0.481481481,,,,,,,,,,,,,,,,,,,,,,,,,,,,,,,,,,,,
2008,Reds,74,0.456790123,,,,,,,,,,,,,,,,,,,,,,,,,,,,,,,,,,,,
2007,Reds,72,0.444444444,,,,,,,,,,,,,,,,,,,,,,,,,,,,,,,,,,,,
2006,Reds,80,0.49382716,,,,,,,,,,,,,,,,,,,,,,,,,,,,,,,,,,,,
2005,Reds,73,0.450617284,,,,,,,,,,,,,,,,,,,,,,,,,,,,,,,,,,,,
2004,Reds,76,0.469135802,,,,,,,,,,,,,,,,,,,,,,,,,,,,,,,,,,,,
2003,Reds,69,0.425925926,,,,,,,,,,,,,,,,,,,,,,,,,,,,,,,,,,,,
2002,Reds,78,0.481481481,,,,,,,,,,,,,,,,,,,,,,,,,,,,,,,,,,,,
2001,Reds,66,0.407407407,,,,,,,,,,,,,,,,,,,,,,,,,,,,,,,,,,,,
2000,Reds,85,0.524691358,,,,,,,,,,,,,,,,,,,,,,,,,,,,,,,,,,,,
1999,Reds,96,0.592592593,,,,,,,,,,,,,,,,,,,,,,,,,,,,,,,,,,,,
1998,Reds,77,0.475308642,,,,,,,,,,,,,,,,,,,,,,,,,,,,,,,,,,,,
1997,Reds,76,0.469135802,,,,,,,,,,,,,,,,,,,,,,,,,,,,,,,,,,,,
1996,Reds,81,0.5,,,,,,,,,,,,,,,,,,,,,,,,,,,,,,,,,,,,
2018,Indians,91,0.561728395,,,,,,,,,,,,,,,,,,,,,,,,,,,,,,,,,,,,
2017,Indians,102,0.62962963,,,,,,,,,,,,,,,,,,,,,,,,,,,,,,,,,,,,
2016,Indians,94,0.580246914,,,,,,,,,,,,,,,,,,,,,,,,,,,,,,,,,,,,
2015,Indians,81,0.5,,,,,,,,,,,,,,,,,,,,,,,,,,,,,,,,,,,,
2014,Indians,85,0.524691358,,,,,,,,,,,,,,,,,,,,,,,,,,,,,,,,,,,,
2013,Indians,92,0.567901235,,,,,,,,,,,,,,,,,,,,,,,,,,,,,,,,,,,,
2012,Indians,68,0.419753086,,,,,,,,,,,,,,,,,,,,,,,,,,,,,,,,,,,,
2011,Indians,80,0.49382716,,,,,,,,,,,,,,,,,,,,,,,,,,,,,,,,,,,,
2010,Indians,69,0.425925926,,,,,,,,,,,,,,,,,,,,,,,,,,,,,,,,,,,,
2009,Indians,65,0.401234568,,,,,,,,,,,,,,,,,,,,,,,,,,,,,,,,,,,,
2008,Indians,81,0.5,,,,,,,,,,,,,,,,,,,,,,,,,,,,,,,,,,,,
2007,Indians,96,0.592592593,,,,,,,,,,,,,,,,,,,,,,,,,,,,,,,,,,,,
2006,Indians,78,0.481481481,,,,,,,,,,,,,,,,,,,,,,,,,,,,,,,,,,,,
2005,Indians,93,0.574074074,,,,,,,,,,,,,,,,,,,,,,,,,,,,,,,,,,,,
2004,Indians,80,0.49382716,,,,,,,,,,,,,,,,,,,,,,,,,,,,,,,,,,,,
2003,Indians,68,0.419753086,,,,,,,,,,,,,,,,,,,,,,,,,,,,,,,,,,,,
2002,Indians,74,0.456790123,,,,,,,,,,,,,,,,,,,,,,,,,,,,,,,,,,,,
2001,Indians,91,0.561728395,,,,,,,,,,,,,,,,,,,,,,,,,,,,,,,,,,,,
2000,Indians,90,0.555555556,,,,,,,,,,,,,,,,,,,,,,,,,,,,,,,,,,,,
1999,Indians,97,0.598765432,,,,,,,,,,,,,,,,,,,,,,,,,,,,,,,,,,,,
1998,Indians,89,0.549382716,,,,,,,,,,,,,,,,,,,,,,,,,,,,,,,,,,,,
1997,Indians,86,0.530864198,,,,,,,,,,,,,,,,,,,,,,,,,,,,,,,,,,,,
1996,Indians,99,0.611111111,,,,,,,,,,,,,,,,,,,,,,,,,,,,,,,,,,,,
2018,Rockies,91,0.561728395,,,,,,,,,,,,,,,,,,,,,,,,,,,,,,,,,,,,
2017,Rockies,87,0.537037037,,,,,,,,,,,,,,,,,,,,,,,,,,,,,,,,,,,,
2016,Rockies,75,0.462962963,,,,,,,,,,,,,,,,,,,,,,,,,,,,,,,,,,,,
2015,Rockies,68,0.419753086,,,,,,,,,,,,,,,,,,,,,,,,,,,,,,,,,,,,
2014,Rockies,66,0.407407407,,,,,,,,,,,,,,,,,,,,,,,,,,,,,,,,,,,,
2013,Rockies,74,0.456790123,,,,,,,,,,,,,,,,,,,,,,,,,,,,,,,,,,,,
2012,Rockies,64,0.395061728,,,,,,,,,,,,,,,,,,,,,,,,,,,,,,,,,,,,
2011,Rockies,73,0.450617284,,,,,,,,,,,,,,,,,,,,,,,,,,,,,,,,,,,,
2010,Rockies,83,0.512345679,,,,,,,,,,,,,,,,,,,,,,,,,,,,,,,,,,,,
2009,Rockies,92,0.567901235,,,,,,,,,,,,,,,,,,,,,,,,,,,,,,,,,,,,
2008,Rockies,74,0.456790123,,,,,,,,,,,,,,,,,,,,,,,,,,,,,,,,,,,,
2007,Rockies,90,0.555555556,,,,,,,,,,,,,,,,,,,,,,,,,,,,,,,,,,,,
2006,Rockies,76,0.469135802,,,,,,,,,,,,,,,,,,,,,,,,,,,,,,,,,,,,
2005,Rockies,67,0.413580247,,,,,,,,,,,,,,,,,,,,,,,,,,,,,,,,,,,,
2004,Rockies,68,0.419753086,,,,,,,,,,,,,,,,,,,,,,,,,,,,,,,,,,,,
2003,Rockies,74,0.456790123,,,,,,,,,,,,,,,,,,,,,,,,,,,,,,,,,,,,
2002,Rockies,73,0.450617284,,,,,,,,,,,,,,,,,,,,,,,,,,,,,,,,,,,,
2001,Rockies,73,0.450617284,,,,,,,,,,,,,,,,,,,,,,,,,,,,,,,,,,,,
2000,Rockies,82,0.50617284,,,,,,,,,,,,,,,,,,,,,,,,,,,,,,,,,,,,
1999,Rockies,72,0.444444444,,,,,,,,,,,,,,,,,,,,,,,,,,,,,,,,,,,,
1998,Rockies,77,0.475308642,,,,,,,,,,,,,,,,,,,,,,,,,,,,,,,,,,,,
1997,Rockies,83,0.512345679,,,,,,,,,,,,,,,,,,,,,,,,,,,,,,,,,,,,
1996,Rockies,83,0.512345679,,,,,,,,,,,,,,,,,,,,,,,,,,,,,,,,,,,,
2018,Tigers,64,0.395061728,,,,,,,,,,,,,,,,,,,,,,,,,,,,,,,,,,,,
2017,Tigers,64,0.395061728,,,,,,,,,,,,,,,,,,,,,,,,,,,,,,,,,,,,
2016,Tigers,86,0.530864198,,,,,,,,,,,,,,,,,,,,,,,,,,,,,,,,,,,,
2015,Tigers,74,0.456790123,,,,,,,,,,,,,,,,,,,,,,,,,,,,,,,,,,,,
2014,Tigers,90,0.555555556,,,,,,,,,,,,,,,,,,,,,,,,,,,,,,,,,,,,
2013,Tigers,93,0.574074074,,,,,,,,,,,,,,,,,,,,,,,,,,,,,,,,,,,,
2012,Tigers,88,0.543209877,,,,,,,,,,,,,,,,,,,,,,,,,,,,,,,,,,,,
2011,Tigers,95,0.586419753,,,,,,,,,,,,,,,,,,,,,,,,,,,,,,,,,,,,
2010,Tigers,81,0.5,,,,,,,,,,,,,,,,,,,,,,,,,,,,,,,,,,,,
2009,Tigers,86,0.530864198,,,,,,,,,,,,,,,,,,,,,,,,,,,,,,,,,,,,
2008,Tigers,74,0.456790123,,,,,,,,,,,,,,,,,,,,,,,,,,,,,,,,,,,,
2007,Tigers,88,0.543209877,,,,,,,,,,,,,,,,,,,,,,,,,,,,,,,,,,,,
2006,Tigers,95,0.586419753,,,,,,,,,,,,,,,,,,,,,,,,,,,,,,,,,,,,
2005,Tigers,71,0.438271605,,,,,,,,,,,,,,,,,,,,,,,,,,,,,,,,,,,,
2004,Tigers,72,0.444444444,,,,,,,,,,,,,,,,,,,,,,,,,,,,,,,,,,,,
2003,Tigers,43,0.265432099,,,,,,,,,,,,,,,,,,,,,,,,,,,,,,,,,,,,
2002,Tigers,55,0.339506173,,,,,,,,,,,,,,,,,,,,,,,,,,,,,,,,,,,,
2001,Tigers,66,0.407407407,,,,,,,,,,,,,,,,,,,,,,,,,,,,,,,,,,,,
2000,Tigers,79,0.487654321,,,,,,,,,,,,,,,,,,,,,,,,,,,,,,,,,,,,
1999,Tigers,69,0.425925926,,,,,,,,,,,,,,,,,,,,,,,,,,,,,,,,,,,,
1998,Tigers,65,0.401234568,,,,,,,,,,,,,,,,,,,,,,,,,,,,,,,,,,,,
1997,Tigers,79,0.487654321,,,,,,,,,,,,,,,,,,,,,,,,,,,,,,,,,,,,
1996,Tigers,53,0.327160494,,,,,,,,,,,,,,,,,,,,,,,,,,,,,,,,,,,,
2018,Astros,103,0.635802469,,,,,,,,,,,,,,,,,,,,,,,,,,,,,,,,,,,,
2017,Astros,101,0.62345679,,,,,,,,,,,,,,,,,,,,,,,,,,,,,,,,,,,,
2016,Astros,84,0.518518519,,,,,,,,,,,,,,,,,,,,,,,,,,,,,,,,,,,,
2015,Astros,86,0.530864198,,,,,,,,,,,,,,,,,,,,,,,,,,,,,,,,,,,,
2014,Astros,70,0.432098765,,,,,,,,,,,,,,,,,,,,,,,,,,,,,,,,,,,,
2013,Astros,51,0.314814815,,,,,,,,,,,,,,,,,,,,,,,,,,,,,,,,,,,,
2012,Astros,55,0.339506173,,,,,,,,,,,,,,,,,,,,,,,,,,,,,,,,,,,,
2011,Astros,56,0.345679012,,,,,,,,,,,,,,,,,,,,,,,,,,,,,,,,,,,,
2010,Astros,76,0.469135802,,,,,,,,,,,,,,,,,,,,,,,,,,,,,,,,,,,,
2009,Astros,74,0.456790123,,,,,,,,,,,,,,,,,,,,,,,,,,,,,,,,,,,,
2008,Astros,86,0.530864198,,,,,,,,,,,,,,,,,,,,,,,,,,,,,,,,,,,,
2007,Astros,73,0.450617284,,,,,,,,,,,,,,,,,,,,,,,,,,,,,,,,,,,,
2006,Astros,82,0.50617284,,,,,,,,,,,,,,,,,,,,,,,,,,,,,,,,,,,,
2005,Astros,89,0.549382716,,,,,,,,,,,,,,,,,,,,,,,,,,,,,,,,,,,,
2004,Astros,92,0.567901235,,,,,,,,,,,,,,,,,,,,,,,,,,,,,,,,,,,,
2003,Astros,87,0.537037037,,,,,,,,,,,,,,,,,,,,,,,,,,,,,,,,,,,,
2002,Astros,84,0.518518519,,,,,,,,,,,,,,,,,,,,,,,,,,,,,,,,,,,,
2001,Astros,93,0.574074074,,,,,,,,,,,,,,,,,,,,,,,,,,,,,,,,,,,,
2000,Astros,72,0.444444444,,,,,,,,,,,,,,,,,,,,,,,,,,,,,,,,,,,,
1999,Astros,97,0.598765432,,,,,,,,,,,,,,,,,,,,,,,,,,,,,,,,,,,,
1998,Astros,102,0.62962963,,,,,,,,,,,,,,,,,,,,,,,,,,,,,,,,,,,,
1997,Astros,84,0.518518519,,,,,,,,,,,,,,,,,,,,,,,,,,,,,,,,,,,,
1996,Astros,82,0.50617284,,,,,,,,,,,,,,,,,,,,,,,,,,,,,,,,,,,,
2018,Royals,58,0.358024691,,,,,,,,,,,,,,,,,,,,,,,,,,,,,,,,,,,,
2017,Royals,80,0.49382716,,,,,,,,,,,,,,,,,,,,,,,,,,,,,,,,,,,,
2016,Royals,81,0.5,,,,,,,,,,,,,,,,,,,,,,,,,,,,,,,,,,,,
2015,Royals,95,0.586419753,,,,,,,,,,,,,,,,,,,,,,,,,,,,,,,,,,,,
2014,Royals,89,0.549382716,,,,,,,,,,,,,,,,,,,,,,,,,,,,,,,,,,,,
2013,Royals,86,0.530864198,,,,,,,,,,,,,,,,,,,,,,,,,,,,,,,,,,,,
2012,Royals,72,0.444444444,,,,,,,,,,,,,,,,,,,,,,,,,,,,,,,,,,,,
2011,Royals,71,0.438271605,,,,,,,,,,,,,,,,,,,,,,,,,,,,,,,,,,,,
2010,Royals,67,0.413580247,,,,,,,,,,,,,,,,,,,,,,,,,,,,,,,,,,,,
2009,Royals,65,0.401234568,,,,,,,,,,,,,,,,,,,,,,,,,,,,,,,,,,,,
2008,Royals,75,0.462962963,,,,,,,,,,,,,,,,,,,,,,,,,,,,,,,,,,,,
2007,Royals,69,0.425925926,,,,,,,,,,,,,,,,,,,,,,,,,,,,,,,,,,,,
2006,Royals,62,0.382716049,,,,,,,,,,,,,,,,,,,,,,,,,,,,,,,,,,,,
2005,Royals,56,0.345679012,,,,,,,,,,,,,,,,,,,,,,,,,,,,,,,,,,,,
2004,Royals,58,0.358024691,,,,,,,,,,,,,,,,,,,,,,,,,,,,,,,,,,,,
2003,Royals,83,0.512345679,,,,,,,,,,,,,,,,,,,,,,,,,,,,,,,,,,,,
2002,Royals,62,0.382716049,,,,,,,,,,,,,,,,,,,,,,,,,,,,,,,,,,,,
2001,Royals,65,0.401234568,,,,,,,,,,,,,,,,,,,,,,,,,,,,,,,,,,,,
2000,Royals,77,0.475308642,,,,,,,,,,,,,,,,,,,,,,,,,,,,,,,,,,,,
1999,Royals,64,0.395061728,,,,,,,,,,,,,,,,,,,,,,,,,,,,,,,,,,,,
1998,Royals,72,0.444444444,,,,,,,,,,,,,,,,,,,,,,,,,,,,,,,,,,,,
1997,Royals,67,0.413580247,,,,,,,,,,,,,,,,,,,,,,,,,,,,,,,,,,,,
1996,Royals,75,0.462962963,,,,,,,,,,,,,,,,,,,,,,,,,,,,,,,,,,,,
2018,Angels,80,0.49382716,,,,,,,,,,,,,,,,,,,,,,,,,,,,,,,,,,,,
2017,Angels,80,0.49382716,,,,,,,,,,,,,,,,,,,,,,,,,,,,,,,,,,,,
2016,Angels,74,0.456790123,,,,,,,,,,,,,,,,,,,,,,,,,,,,,,,,,,,,
2015,Angels,85,0.524691358,,,,,,,,,,,,,,,,,,,,,,,,,,,,,,,,,,,,
2014,Angels,98,0.604938272,,,,,,,,,,,,,,,,,,,,,,,,,,,,,,,,,,,,
2013,Angels,78,0.481481481,,,,,,,,,,,,,,,,,,,,,,,,,,,,,,,,,,,,
2012,Angels,89,0.549382716,,,,,,,,,,,,,,,,,,,,,,,,,,,,,,,,,,,,
2011,Angels,86,0.530864198,,,,,,,,,,,,,,,,,,,,,,,,,,,,,,,,,,,,
2010,Angels,80,0.49382716,,,,,,,,,,,,,,,,,,,,,,,,,,,,,,,,,,,,
2009,Angels,97,0.598765432,,,,,,,,,,,,,,,,,,,,,,,,,,,,,,,,,,,,
2008,Angels,100,0.617283951,,,,,,,,,,,,,,,,,,,,,,,,,,,,,,,,,,,,
2007,Angels,94,0.580246914,,,,,,,,,,,,,,,,,,,,,,,,,,,,,,,,,,,,
2006,Angels,89,0.549382716,,,,,,,,,,,,,,,,,,,,,,,,,,,,,,,,,,,,
2005,Angels,95,0.586419753,,,,,,,,,,,,,,,,,,,,,,,,,,,,,,,,,,,,
2004,Angels,92,0.567901235,,,,,,,,,,,,,,,,,,,,,,,,,,,,,,,,,,,,
2003,Angels,77,0.475308642,,,,,,,,,,,,,,,,,,,,,,,,,,,,,,,,,,,,
2002,Angels,99,0.611111111,,,,,,,,,,,,,,,,,,,,,,,,,,,,,,,,,,,,
2001,Angels,75,0.462962963,,,,,,,,,,,,,,,,,,,,,,,,,,,,,,,,,,,,
2000,Angels,82,0.50617284,,,,,,,,,,,,,,,,,,,,,,,,,,,,,,,,,,,,
1999,Angels,70,0.432098765,,,,,,,,,,,,,,,,,,,,,,,,,,,,,,,,,,,,
1998,Angels,85,0.524691358,,,,,,,,,,,,,,,,,,,,,,,,,,,,,,,,,,,,
1997,Angels,84,0.518518519,,,,,,,,,,,,,,,,,,,,,,,,,,,,,,,,,,,,
1996,Angels,70,0.432098765,,,,,,,,,,,,,,,,,,,,,,,,,,,,,,,,,,,,
2018,Dodgers,92,0.567901235,,,,,,,,,,,,,,,,,,,,,,,,,,,,,,,,,,,,
2017,Dodgers,104,0.641975309,,,,,,,,,,,,,,,,,,,,,,,,,,,,,,,,,,,,
2016,Dodgers,91,0.561728395,,,,,,,,,,,,,,,,,,,,,,,,,,,,,,,,,,,,
2015,Dodgers,92,0.567901235,,,,,,,,,,,,,,,,,,,,,,,,,,,,,,,,,,,,
2014,Dodgers,94,0.580246914,,,,,,,,,,,,,,,,,,,,,,,,,,,,,,,,,,,,
2013,Dodgers,92,0.567901235,,,,,,,,,,,,,,,,,,,,,,,,,,,,,,,,,,,,
2012,Dodgers,86,0.530864198,,,,,,,,,,,,,,,,,,,,,,,,,,,,,,,,,,,,
2011,Dodgers,82,0.50617284,,,,,,,,,,,,,,,,,,,,,,,,,,,,,,,,,,,,
2010,Dodgers,80,0.49382716,,,,,,,,,,,,,,,,,,,,,,,,,,,,,,,,,,,,
2009,Dodgers,95,0.586419753,,,,,,,,,,,,,,,,,,,,,,,,,,,,,,,,,,,,
2008,Dodgers,84,0.518518519,,,,,,,,,,,,,,,,,,,,,,,,,,,,,,,,,,,,
2007,Dodgers,82,0.50617284,,,,,,,,,,,,,,,,,,,,,,,,,,,,,,,,,,,,
2006,Dodgers,88,0.543209877,,,,,,,,,,,,,,,,,,,,,,,,,,,,,,,,,,,,
2005,Dodgers,71,0.438271605,,,,,,,,,,,,,,,,,,,,,,,,,,,,,,,,,,,,
2004,Dodgers,93,0.574074074,,,,,,,,,,,,,,,,,,,,,,,,,,,,,,,,,,,,
2003,Dodgers,85,0.524691358,,,,,,,,,,,,,,,,,,,,,,,,,,,,,,,,,,,,
2002,Dodgers,92,0.567901235,,,,,,,,,,,,,,,,,,,,,,,,,,,,,,,,,,,,
2001,Dodgers,86,0.530864198,,,,,,,,,,,,,,,,,,,,,,,,,,,,,,,,,,,,
2000,Dodgers,86,0.530864198,,,,,,,,,,,,,,,,,,,,,,,,,,,,,,,,,,,,
1999,Dodgers,77,0.475308642,,,,,,,,,,,,,,,,,,,,,,,,,,,,,,,,,,,,
1998,Dodgers,83,0.512345679,,,,,,,,,,,,,,,,,,,,,,,,,,,,,,,,,,,,
1997,Dodgers,88,0.543209877,,,,,,,,,,,,,,,,,,,,,,,,,,,,,,,,,,,,
1996,Dodgers,90,0.555555556,,,,,,,,,,,,,,,,,,,,,,,,,,,,,,,,,,,,
2018,Marlins,63,0.388888889,,,,,,,,,,,,,,,,,,,,,,,,,,,,,,,,,,,,
2017,Marlins,77,0.475308642,,,,,,,,,,,,,,,,,,,,,,,,,,,,,,,,,,,,
2016,Marlins,79,0.487654321,,,,,,,,,,,,,,,,,,,,,,,,,,,,,,,,,,,,
2015,Marlins,71,0.438271605,,,,,,,,,,,,,,,,,,,,,,,,,,,,,,,,,,,,
2014,Marlins,77,0.475308642,,,,,,,,,,,,,,,,,,,,,,,,,,,,,,,,,,,,
2013,Marlins,62,0.382716049,,,,,,,,,,,,,,,,,,,,,,,,,,,,,,,,,,,,
2012,Marlins,69,0.425925926,,,,,,,,,,,,,,,,,,,,,,,,,,,,,,,,,,,,
2011,Marlins,72,0.444444444,,,,,,,,,,,,,,,,,,,,,,,,,,,,,,,,,,,,
2010,Marlins,80,0.49382716,,,,,,,,,,,,,,,,,,,,,,,,,,,,,,,,,,,,
2009,Marlins,87,0.537037037,,,,,,,,,,,,,,,,,,,,,,,,,,,,,,,,,,,,
2008,Marlins,84,0.518518519,,,,,,,,,,,,,,,,,,,,,,,,,,,,,,,,,,,,
2007,Marlins,71,0.438271605,,,,,,,,,,,,,,,,,,,,,,,,,,,,,,,,,,,,
2006,Marlins,78,0.481481481,,,,,,,,,,,,,,,,,,,,,,,,,,,,,,,,,,,,
2005,Marlins,83,0.512345679,,,,,,,,,,,,,,,,,,,,,,,,,,,,,,,,,,,,
2004,Marlins,83,0.512345679,,,,,,,,,,,,,,,,,,,,,,,,,,,,,,,,,,,,
2003,Marlins,91,0.561728395,,,,,,,,,,,,,,,,,,,,,,,,,,,,,,,,,,,,
2002,Marlins,79,0.487654321,,,,,,,,,,,,,,,,,,,,,,,,,,,,,,,,,,,,
2001,Marlins,76,0.469135802,,,,,,,,,,,,,,,,,,,,,,,,,,,,,,,,,,,,
2000,Marlins,79,0.487654321,,,,,,,,,,,,,,,,,,,,,,,,,,,,,,,,,,,,
1999,Marlins,64,0.395061728,,,,,,,,,,,,,,,,,,,,,,,,,,,,,,,,,,,,
1998,Marlins,54,0.333333333,,,,,,,,,,,,,,,,,,,,,,,,,,,,,,,,,,,,
1997,Marlins,92,0.567901235,,,,,,,,,,,,,,,,,,,,,,,,,,,,,,,,,,,,
1996,Marlins,80,0.49382716,,,,,,,,,,,,,,,,,,,,,,,,,,,,,,,,,,,,
2018,Brewers,96,0.592592593,,,,,,,,,,,,,,,,,,,,,,,,,,,,,,,,,,,,
2017,Brewers,86,0.530864198,,,,,,,,,,,,,,,,,,,,,,,,,,,,,,,,,,,,
2016,Brewers,73,0.450617284,,,,,,,,,,,,,,,,,,,,,,,,,,,,,,,,,,,,
2015,Brewers,68,0.419753086,,,,,,,,,,,,,,,,,,,,,,,,,,,,,,,,,,,,
2014,Brewers,82,0.50617284,,,,,,,,,,,,,,,,,,,,,,,,,,,,,,,,,,,,
2013,Brewers,74,0.456790123,,,,,,,,,,,,,,,,,,,,,,,,,,,,,,,,,,,,
2012,Brewers,83,0.512345679,,,,,,,,,,,,,,,,,,,,,,,,,,,,,,,,,,,,
2011,Brewers,96,0.592592593,,,,,,,,,,,,,,,,,,,,,,,,,,,,,,,,,,,,
2010,Brewers,77,0.475308642,,,,,,,,,,,,,,,,,,,,,,,,,,,,,,,,,,,,
2009,Brewers,80,0.49382716,,,,,,,,,,,,,,,,,,,,,,,,,,,,,,,,,,,,
2008,Brewers,90,0.555555556,,,,,,,,,,,,,,,,,,,,,,,,,,,,,,,,,,,,
2007,Brewers,83,0.512345679,,,,,,,,,,,,,,,,,,,,,,,,,,,,,,,,,,,,
2006,Brewers,75,0.462962963,,,,,,,,,,,,,,,,,,,,,,,,,,,,,,,,,,,,
2005,Brewers,81,0.5,,,,,,,,,,,,,,,,,,,,,,,,,,,,,,,,,,,,
2004,Brewers,67,0.413580247,,,,,,,,,,,,,,,,,,,,,,,,,,,,,,,,,,,,
2003,Brewers,68,0.419753086,,,,,,,,,,,,,,,,,,,,,,,,,,,,,,,,,,,,
2002,Brewers,56,0.345679012,,,,,,,,,,,,,,,,,,,,,,,,,,,,,,,,,,,,
2001,Brewers,68,0.419753086,,,,,,,,,,,,,,,,,,,,,,,,,,,,,,,,,,,,
2000,Brewers,73,0.450617284,,,,,,,,,,,,,,,,,,,,,,,,,,,,,,,,,,,,
1999,Brewers,74,0.456790123,,,,,,,,,,,,,,,,,,,,,,,,,,,,,,,,,,,,
1998,Brewers,74,0.456790123,,,,,,,,,,,,,,,,,,,,,,,,,,,,,,,,,,,,
1997,Brewers,78,0.481481481,,,,,,,,,,,,,,,,,,,,,,,,,,,,,,,,,,,,
1996,Brewers,80,0.49382716,,,,,,,,,,,,,,,,,,,,,,,,,,,,,,,,,,,,
2018,Twins,78,0.481481481,,,,,,,,,,,,,,,,,,,,,,,,,,,,,,,,,,,,
2017,Twins,85,0.524691358,,,,,,,,,,,,,,,,,,,,,,,,,,,,,,,,,,,,
2016,Twins,59,0.364197531,,,,,,,,,,,,,,,,,,,,,,,,,,,,,,,,,,,,
2015,Twins,83,0.512345679,,,,,,,,,,,,,,,,,,,,,,,,,,,,,,,,,,,,
2014,Twins,70,0.432098765,,,,,,,,,,,,,,,,,,,,,,,,,,,,,,,,,,,,
2013,Twins,66,0.407407407,,,,,,,,,,,,,,,,,,,,,,,,,,,,,,,,,,,,
2012,Twins,66,0.407407407,,,,,,,,,,,,,,,,,,,,,,,,,,,,,,,,,,,,
2011,Twins,63,0.388888889,,,,,,,,,,,,,,,,,,,,,,,,,,,,,,,,,,,,
2010,Twins,94,0.580246914,,,,,,,,,,,,,,,,,,,,,,,,,,,,,,,,,,,,
2009,Twins,87,0.537037037,,,,,,,,,,,,,,,,,,,,,,,,,,,,,,,,,,,,
2008,Twins,88,0.543209877,,,,,,,,,,,,,,,,,,,,,,,,,,,,,,,,,,,,
2007,Twins,79,0.487654321,,,,,,,,,,,,,,,,,,,,,,,,,,,,,,,,,,,,
2006,Twins,96,0.592592593,,,,,,,,,,,,,,,,,,,,,,,,,,,,,,,,,,,,
2005,Twins,83,0.512345679,,,,,,,,,,,,,,,,,,,,,,,,,,,,,,,,,,,,
2004,Twins,92,0.567901235,,,,,,,,,,,,,,,,,,,,,,,,,,,,,,,,,,,,
2003,Twins,90,0.555555556,,,,,,,,,,,,,,,,,,,,,,,,,,,,,,,,,,,,
2002,Twins,94,0.580246914,,,,,,,,,,,,,,,,,,,,,,,,,,,,,,,,,,,,
2001,Twins,85,0.524691358,,,,,,,,,,,,,,,,,,,,,,,,,,,,,,,,,,,,
2000,Twins,69,0.425925926,,,,,,,,,,,,,,,,,,,,,,,,,,,,,,,,,,,,
1999,Twins,63,0.388888889,,,,,,,,,,,,,,,,,,,,,,,,,,,,,,,,,,,,
1998,Twins,70,0.432098765,,,,,,,,,,,,,,,,,,,,,,,,,,,,,,,,,,,,
1997,Twins,68,0.419753086,,,,,,,,,,,,,,,,,,,,,,,,,,,,,,,,,,,,
1996,Twins,78,0.481481481,,,,,,,,,,,,,,,,,,,,,,,,,,,,,,,,,,,,
2018,Mets,77,0.475308642,,,,,,,,,,,,,,,,,,,,,,,,,,,,,,,,,,,,
2017,Mets,70,0.432098765,,,,,,,,,,,,,,,,,,,,,,,,,,,,,,,,,,,,
2016,Mets,87,0.537037037,,,,,,,,,,,,,,,,,,,,,,,,,,,,,,,,,,,,
2015,Mets,90,0.555555556,,,,,,,,,,,,,,,,,,,,,,,,,,,,,,,,,,,,
2014,Mets,79,0.487654321,,,,,,,,,,,,,,,,,,,,,,,,,,,,,,,,,,,,
2013,Mets,74,0.456790123,,,,,,,,,,,,,,,,,,,,,,,,,,,,,,,,,,,,
2012,Mets,74,0.456790123,,,,,,,,,,,,,,,,,,,,,,,,,,,,,,,,,,,,
2011,Mets,77,0.475308642,,,,,,,,,,,,,,,,,,,,,,,,,,,,,,,,,,,,
2010,Mets,79,0.487654321,,,,,,,,,,,,,,,,,,,,,,,,,,,,,,,,,,,,
2009,Mets,70,0.432098765,,,,,,,,,,,,,,,,,,,,,,,,,,,,,,,,,,,,
2008,Mets,89,0.549382716,,,,,,,,,,,,,,,,,,,,,,,,,,,,,,,,,,,,
2007,Mets,88,0.543209877,,,,,,,,,,,,,,,,,,,,,,,,,,,,,,,,,,,,
2006,Mets,97,0.598765432,,,,,,,,,,,,,,,,,,,,,,,,,,,,,,,,,,,,
2005,Mets,83,0.512345679,,,,,,,,,,,,,,,,,,,,,,,,,,,,,,,,,,,,
2004,Mets,71,0.438271605,,,,,,,,,,,,,,,,,,,,,,,,,,,,,,,,,,,,
2003,Mets,66,0.407407407,,,,,,,,,,,,,,,,,,,,,,,,,,,,,,,,,,,,
2002,Mets,75,0.462962963,,,,,,,,,,,,,,,,,,,,,,,,,,,,,,,,,,,,
2001,Mets,82,0.50617284,,,,,,,,,,,,,,,,,,,,,,,,,,,,,,,,,,,,
2000,Mets,94,0.580246914,,,,,,,,,,,,,,,,,,,,,,,,,,,,,,,,,,,,
1999,Mets,97,0.598765432,,,,,,,,,,,,,,,,,,,,,,,,,,,,,,,,,,,,
1998,Mets,88,0.543209877,,,,,,,,,,,,,,,,,,,,,,,,,,,,,,,,,,,,
1997,Mets,88,0.543209877,,,,,,,,,,,,,,,,,,,,,,,,,,,,,,,,,,,,
1996,Mets,71,0.438271605,,,,,,,,,,,,,,,,,,,,,,,,,,,,,,,,,,,,
2018,Yankees,100,0.617283951,,,,,,,,,,,,,,,,,,,,,,,,,,,,,,,,,,,,
2017,Yankees,91,0.561728395,,,,,,,,,,,,,,,,,,,,,,,,,,,,,,,,,,,,
2016,Yankees,84,0.518518519,,,,,,,,,,,,,,,,,,,,,,,,,,,,,,,,,,,,
2015,Yankees,87,0.537037037,,,,,,,,,,,,,,,,,,,,,,,,,,,,,,,,,,,,
2014,Yankees,84,0.518518519,,,,,,,,,,,,,,,,,,,,,,,,,,,,,,,,,,,,
2013,Yankees,85,0.524691358,,,,,,,,,,,,,,,,,,,,,,,,,,,,,,,,,,,,
2012,Yankees,95,0.586419753,,,,,,,,,,,,,,,,,,,,,,,,,,,,,,,,,,,,
2011,Yankees,97,0.598765432,,,,,,,,,,,,,,,,,,,,,,,,,,,,,,,,,,,,
2010,Yankees,95,0.586419753,,,,,,,,,,,,,,,,,,,,,,,,,,,,,,,,,,,,
2009,Yankees,103,0.635802469,,,,,,,,,,,,,,,,,,,,,,,,,,,,,,,,,,,,
2008,Yankees,89,0.549382716,,,,,,,,,,,,,,,,,,,,,,,,,,,,,,,,,,,,
2007,Yankees,94,0.580246914,,,,,,,,,,,,,,,,,,,,,,,,,,,,,,,,,,,,
2006,Yankees,97,0.598765432,,,,,,,,,,,,,,,,,,,,,,,,,,,,,,,,,,,,
2005,Yankees,95,0.586419753,,,,,,,,,,,,,,,,,,,,,,,,,,,,,,,,,,,,
2004,Yankees,101,0.62345679,,,,,,,,,,,,,,,,,,,,,,,,,,,,,,,,,,,,
2003,Yankees,101,0.62345679,,,,,,,,,,,,,,,,,,,,,,,,,,,,,,,,,,,,
2002,Yankees,103,0.635802469,,,,,,,,,,,,,,,,,,,,,,,,,,,,,,,,,,,,
2001,Yankees,95,0.586419753,,,,,,,,,,,,,,,,,,,,,,,,,,,,,,,,,,,,
2000,Yankees,87,0.537037037,,,,,,,,,,,,,,,,,,,,,,,,,,,,,,,,,,,,
1999,Yankees,98,0.604938272,,,,,,,,,,,,,,,,,,,,,,,,,,,,,,,,,,,,
1998,Yankees,114,0.703703704,,,,,,,,,,,,,,,,,,,,,,,,,,,,,,,,,,,,
1997,Yankees,96,0.592592593,,,,,,,,,,,,,,,,,,,,,,,,,,,,,,,,,,,,
1996,Yankees,92,0.567901235,,,,,,,,,,,,,,,,,,,,,,,,,,,,,,,,,,,,
2018,Athletics,97,0.598765432,,,,,,,,,,,,,,,,,,,,,,,,,,,,,,,,,,,,
2017,Athletics,75,0.462962963,,,,,,,,,,,,,,,,,,,,,,,,,,,,,,,,,,,,
2016,Athletics,69,0.425925926,,,,,,,,,,,,,,,,,,,,,,,,,,,,,,,,,,,,
2015,Athletics,68,0.419753086,,,,,,,,,,,,,,,,,,,,,,,,,,,,,,,,,,,,
2014,Athletics,88,0.543209877,,,,,,,,,,,,,,,,,,,,,,,,,,,,,,,,,,,,
2013,Athletics,96,0.592592593,,,,,,,,,,,,,,,,,,,,,,,,,,,,,,,,,,,,
2012,Athletics,94,0.580246914,,,,,,,,,,,,,,,,,,,,,,,,,,,,,,,,,,,,
2011,Athletics,74,0.456790123,,,,,,,,,,,,,,,,,,,,,,,,,,,,,,,,,,,,
2010,Athletics,81,0.5,,,,,,,,,,,,,,,,,,,,,,,,,,,,,,,,,,,,
2009,Athletics,75,0.462962963,,,,,,,,,,,,,,,,,,,,,,,,,,,,,,,,,,,,
2008,Athletics,75,0.462962963,,,,,,,,,,,,,,,,,,,,,,,,,,,,,,,,,,,,
2007,Athletics,76,0.469135802,,,,,,,,,,,,,,,,,,,,,,,,,,,,,,,,,,,,
2006,Athletics,93,0.574074074,,,,,,,,,,,,,,,,,,,,,,,,,,,,,,,,,,,,
2005,Athletics,88,0.543209877,,,,,,,,,,,,,,,,,,,,,,,,,,,,,,,,,,,,
2004,Athletics,91,0.561728395,,,,,,,,,,,,,,,,,,,,,,,,,,,,,,,,,,,,
2003,Athletics,96,0.592592593,,,,,,,,,,,,,,,,,,,,,,,,,,,,,,,,,,,,
2002,Athletics,103,0.635802469,,,,,,,,,,,,,,,,,,,,,,,,,,,,,,,,,,,,
2001,Athletics,102,0.62962963,,,,,,,,,,,,,,,,,,,,,,,,,,,,,,,,,,,,
2000,Athletics,91,0.561728395,,,,,,,,,,,,,,,,,,,,,,,,,,,,,,,,,,,,
1999,Athletics,87,0.537037037,,,,,,,,,,,,,,,,,,,,,,,,,,,,,,,,,,,,
1998,Athletics,74,0.456790123,,,,,,,,,,,,,,,,,,,,,,,,,,,,,,,,,,,,
1997,Athletics,65,0.401234568,,,,,,,,,,,,,,,,,,,,,,,,,,,,,,,,,,,,
1996,Athletics,78,0.481481481,,,,,,,,,,,,,,,,,,,,,,,,,,,,,,,,,,,,
2018,Phillies,80,0.49382716,,,,,,,,,,,,,,,,,,,,,,,,,,,,,,,,,,,,
2017,Phillies,66,0.407407407,,,,,,,,,,,,,,,,,,,,,,,,,,,,,,,,,,,,
2016,Phillies,71,0.438271605,,,,,,,,,,,,,,,,,,,,,,,,,,,,,,,,,,,,
2015,Phillies,63,0.388888889,,,,,,,,,,,,,,,,,,,,,,,,,,,,,,,,,,,,
2014,Phillies,73,0.450617284,,,,,,,,,,,,,,,,,,,,,,,,,,,,,,,,,,,,
2013,Phillies,73,0.450617284,,,,,,,,,,,,,,,,,,,,,,,,,,,,,,,,,,,,
2012,Phillies,81,0.5,,,,,,,,,,,,,,,,,,,,,,,,,,,,,,,,,,,,
2011,Phillies,102,0.62962963,,,,,,,,,,,,,,,,,,,,,,,,,,,,,,,,,,,,
2010,Phillies,97,0.598765432,,,,,,,,,,,,,,,,,,,,,,,,,,,,,,,,,,,,
2009,Phillies,93,0.574074074,,,,,,,,,,,,,,,,,,,,,,,,,,,,,,,,,,,,
2008,Phillies,92,0.567901235,,,,,,,,,,,,,,,,,,,,,,,,,,,,,,,,,,,,
2007,Phillies,89,0.549382716,,,,,,,,,,,,,,,,,,,,,,,,,,,,,,,,,,,,
2006,Phillies,85,0.524691358,,,,,,,,,,,,,,,,,,,,,,,,,,,,,,,,,,,,
2005,Phillies,88,0.543209877,,,,,,,,,,,,,,,,,,,,,,,,,,,,,,,,,,,,
2004,Phillies,86,0.530864198,,,,,,,,,,,,,,,,,,,,,,,,,,,,,,,,,,,,
2003,Phillies,86,0.530864198,,,,,,,,,,,,,,,,,,,,,,,,,,,,,,,,,,,,
2002,Phillies,80,0.49382716,,,,,,,,,,,,,,,,,,,,,,,,,,,,,,,,,,,,
2001,Phillies,86,0.530864198,,,,,,,,,,,,,,,,,,,,,,,,,,,,,,,,,,,,
2000,Phillies,65,0.401234568,,,,,,,,,,,,,,,,,,,,,,,,,,,,,,,,,,,,
1999,Phillies,77,0.475308642,,,,,,,,,,,,,,,,,,,,,,,,,,,,,,,,,,,,
1998,Phillies,75,0.462962963,,,,,,,,,,,,,,,,,,,,,,,,,,,,,,,,,,,,
1997,Phillies,68,0.419753086,,,,,,,,,,,,,,,,,,,,,,,,,,,,,,,,,,,,
1996,Phillies,67,0.413580247,,,,,,,,,,,,,,,,,,,,,,,,,,,,,,,,,,,,
2018,Pirates,82,0.50617284,,,,,,,,,,,,,,,,,,,,,,,,,,,,,,,,,,,,
2017,Pirates,75,0.462962963,,,,,,,,,,,,,,,,,,,,,,,,,,,,,,,,,,,,
2016,Pirates,78,0.481481481,,,,,,,,,,,,,,,,,,,,,,,,,,,,,,,,,,,,
2015,Pirates,98,0.604938272,,,,,,,,,,,,,,,,,,,,,,,,,,,,,,,,,,,,
2014,Pirates,88,0.543209877,,,,,,,,,,,,,,,,,,,,,,,,,,,,,,,,,,,,
2013,Pirates,94,0.580246914,,,,,,,,,,,,,,,,,,,,,,,,,,,,,,,,,,,,
2012,Pirates,79,0.487654321,,,,,,,,,,,,,,,,,,,,,,,,,,,,,,,,,,,,
2011,Pirates,72,0.444444444,,,,,,,,,,,,,,,,,,,,,,,,,,,,,,,,,,,,
2010,Pirates,57,0.351851852,,,,,,,,,,,,,,,,,,,,,,,,,,,,,,,,,,,,
2009,Pirates,62,0.382716049,,,,,,,,,,,,,,,,,,,,,,,,,,,,,,,,,,,,
2008,Pirates,67,0.413580247,,,,,,,,,,,,,,,,,,,,,,,,,,,,,,,,,,,,
2007,Pirates,68,0.419753086,,,,,,,,,,,,,,,,,,,,,,,,,,,,,,,,,,,,
2006,Pirates,67,0.413580247,,,,,,,,,,,,,,,,,,,,,,,,,,,,,,,,,,,,
2005,Pirates,67,0.413580247,,,,,,,,,,,,,,,,,,,,,,,,,,,,,,,,,,,,
2004,Pirates,72,0.444444444,,,,,,,,,,,,,,,,,,,,,,,,,,,,,,,,,,,,
2003,Pirates,75,0.462962963,,,,,,,,,,,,,,,,,,,,,,,,,,,,,,,,,,,,
2002,Pirates,72,0.444444444,,,,,,,,,,,,,,,,,,,,,,,,,,,,,,,,,,,,
2001,Pirates,62,0.382716049,,,,,,,,,,,,,,,,,,,,,,,,,,,,,,,,,,,,
2000,Pirates,69,0.425925926,,,,,,,,,,,,,,,,,,,,,,,,,,,,,,,,,,,,
1999,Pirates,78,0.481481481,,,,,,,,,,,,,,,,,,,,,,,,,,,,,,,,,,,,
1998,Pirates,69,0.425925926,,,,,,,,,,,,,,,,,,,,,,,,,,,,,,,,,,,,
1997,Pirates,79,0.487654321,,,,,,,,,,,,,,,,,,,,,,,,,,,,,,,,,,,,
1996,Pirates,73,0.450617284,,,,,,,,,,,,,,,,,,,,,,,,,,,,,,,,,,,,
2018,Padres,66,0.407407407,,,,,,,,,,,,,,,,,,,,,,,,,,,,,,,,,,,,
2017,Padres,71,0.438271605,,,,,,,,,,,,,,,,,,,,,,,,,,,,,,,,,,,,
2016,Padres,68,0.419753086,,,,,,,,,,,,,,,,,,,,,,,,,,,,,,,,,,,,
2015,Padres,74,0.456790123,,,,,,,,,,,,,,,,,,,,,,,,,,,,,,,,,,,,
2014,Padres,77,0.475308642,,,,,,,,,,,,,,,,,,,,,,,,,,,,,,,,,,,,
2013,Padres,76,0.469135802,,,,,,,,,,,,,,,,,,,,,,,,,,,,,,,,,,,,
2012,Padres,76,0.469135802,,,,,,,,,,,,,,,,,,,,,,,,,,,,,,,,,,,,
2011,Padres,71,0.438271605,,,,,,,,,,,,,,,,,,,,,,,,,,,,,,,,,,,,
2010,Padres,90,0.555555556,,,,,,,,,,,,,,,,,,,,,,,,,,,,,,,,,,,,
2009,Padres,75,0.462962963,,,,,,,,,,,,,,,,,,,,,,,,,,,,,,,,,,,,
2008,Padres,63,0.388888889,,,,,,,,,,,,,,,,,,,,,,,,,,,,,,,,,,,,
2007,Padres,89,0.549382716,,,,,,,,,,,,,,,,,,,,,,,,,,,,,,,,,,,,
2006,Padres,88,0.543209877,,,,,,,,,,,,,,,,,,,,,,,,,,,,,,,,,,,,
2005,Padres,82,0.50617284,,,,,,,,,,,,,,,,,,,,,,,,,,,,,,,,,,,,
2004,Padres,87,0.537037037,,,,,,,,,,,,,,,,,,,,,,,,,,,,,,,,,,,,
2003,Padres,64,0.395061728,,,,,,,,,,,,,,,,,,,,,,,,,,,,,,,,,,,,
2002,Padres,66,0.407407407,,,,,,,,,,,,,,,,,,,,,,,,,,,,,,,,,,,,
2001,Padres,79,0.487654321,,,,,,,,,,,,,,,,,,,,,,,,,,,,,,,,,,,,
2000,Padres,76,0.469135802,,,,,,,,,,,,,,,,,,,,,,,,,,,,,,,,,,,,
1999,Padres,74,0.456790123,,,,,,,,,,,,,,,,,,,,,,,,,,,,,,,,,,,,
1998,Padres,98,0.604938272,,,,,,,,,,,,,,,,,,,,,,,,,,,,,,,,,,,,
1997,Padres,76,0.469135802,,,,,,,,,,,,,,,,,,,,,,,,,,,,,,,,,,,,
1996,Padres,91,0.561728395,,,,,,,,,,,,,,,,,,,,,,,,,,,,,,,,,,,,
2018,Giants,73,0.450617284,,,,,,,,,,,,,,,,,,,,,,,,,,,,,,,,,,,,
2017,Giants,64,0.395061728,,,,,,,,,,,,,,,,,,,,,,,,,,,,,,,,,,,,
2016,Giants,87,0.537037037,,,,,,,,,,,,,,,,,,,,,,,,,,,,,,,,,,,,
2015,Giants,84,0.518518519,,,,,,,,,,,,,,,,,,,,,,,,,,,,,,,,,,,,
2014,Giants,88,0.543209877,,,,,,,,,,,,,,,,,,,,,,,,,,,,,,,,,,,,
2013,Giants,76,0.469135802,,,,,,,,,,,,,,,,,,,,,,,,,,,,,,,,,,,,
2012,Giants,94,0.580246914,,,,,,,,,,,,,,,,,,,,,,,,,,,,,,,,,,,,
2011,Giants,86,0.530864198,,,,,,,,,,,,,,,,,,,,,,,,,,,,,,,,,,,,
2010,Giants,92,0.567901235,,,,,,,,,,,,,,,,,,,,,,,,,,,,,,,,,,,,
2009,Giants,88,0.543209877,,,,,,,,,,,,,,,,,,,,,,,,,,,,,,,,,,,,
2008,Giants,72,0.444444444,,,,,,,,,,,,,,,,,,,,,,,,,,,,,,,,,,,,
2007,Giants,71,0.438271605,,,,,,,,,,,,,,,,,,,,,,,,,,,,,,,,,,,,
2006,Giants,76,0.469135802,,,,,,,,,,,,,,,,,,,,,,,,,,,,,,,,,,,,
2005,Giants,75,0.462962963,,,,,,,,,,,,,,,,,,,,,,,,,,,,,,,,,,,,
2004,Giants,91,0.561728395,,,,,,,,,,,,,,,,,,,,,,,,,,,,,,,,,,,,
2003,Giants,100,0.617283951,,,,,,,,,,,,,,,,,,,,,,,,,,,,,,,,,,,,
2002,Giants,95,0.586419753,,,,,,,,,,,,,,,,,,,,,,,,,,,,,,,,,,,,
2001,Giants,90,0.555555556,,,,,,,,,,,,,,,,,,,,,,,,,,,,,,,,,,,,
2000,Giants,97,0.598765432,,,,,,,,,,,,,,,,,,,,,,,,,,,,,,,,,,,,
1999,Giants,86,0.530864198,,,,,,,,,,,,,,,,,,,,,,,,,,,,,,,,,,,,
1998,Giants,89,0.549382716,,,,,,,,,,,,,,,,,,,,,,,,,,,,,,,,,,,,
1997,Giants,90,0.555555556,,,,,,,,,,,,,,,,,,,,,,,,,,,,,,,,,,,,
1996,Giants,68,0.419753086,,,,,,,,,,,,,,,,,,,,,,,,,,,,,,,,,,,,
2018,Mariners,89,0.549382716,,,,,,,,,,,,,,,,,,,,,,,,,,,,,,,,,,,,
2017,Mariners,78,0.481481481,,,,,,,,,,,,,,,,,,,,,,,,,,,,,,,,,,,,
2016,Mariners,86,0.530864198,,,,,,,,,,,,,,,,,,,,,,,,,,,,,,,,,,,,
2015,Mariners,76,0.469135802,,,,,,,,,,,,,,,,,,,,,,,,,,,,,,,,,,,,
2014,Mariners,87,0.537037037,,,,,,,,,,,,,,,,,,,,,,,,,,,,,,,,,,,,
2013,Mariners,71,0.438271605,,,,,,,,,,,,,,,,,,,,,,,,,,,,,,,,,,,,
2012,Mariners,75,0.462962963,,,,,,,,,,,,,,,,,,,,,,,,,,,,,,,,,,,,
2011,Mariners,67,0.413580247,,,,,,,,,,,,,,,,,,,,,,,,,,,,,,,,,,,,
2010,Mariners,61,0.37654321,,,,,,,,,,,,,,,,,,,,,,,,,,,,,,,,,,,,
2009,Mariners,85,0.524691358,,,,,,,,,,,,,,,,,,,,,,,,,,,,,,,,,,,,
2008,Mariners,61,0.37654321,,,,,,,,,,,,,,,,,,,,,,,,,,,,,,,,,,,,
2007,Mariners,88,0.543209877,,,,,,,,,,,,,,,,,,,,,,,,,,,,,,,,,,,,
2006,Mariners,78,0.481481481,,,,,,,,,,,,,,,,,,,,,,,,,,,,,,,,,,,,
2005,Mariners,69,0.425925926,,,,,,,,,,,,,,,,,,,,,,,,,,,,,,,,,,,,
2004,Mariners,63,0.388888889,,,,,,,,,,,,,,,,,,,,,,,,,,,,,,,,,,,,
2003,Mariners,93,0.574074074,,,,,,,,,,,,,,,,,,,,,,,,,,,,,,,,,,,,
2002,Mariners,93,0.574074074,,,,,,,,,,,,,,,,,,,,,,,,,,,,,,,,,,,,
2001,Mariners,116,0.716049383,,,,,,,,,,,,,,,,,,,,,,,,,,,,,,,,,,,,
2000,Mariners,91,0.561728395,,,,,,,,,,,,,,,,,,,,,,,,,,,,,,,,,,,,
1999,Mariners,79,0.487654321,,,,,,,,,,,,,,,,,,,,,,,,,,,,,,,,,,,,
1998,Mariners,76,0.469135802,,,,,,,,,,,,,,,,,,,,,,,,,,,,,,,,,,,,
1997,Mariners,90,0.555555556,,,,,,,,,,,,,,,,,,,,,,,,,,,,,,,,,,,,
1996,Mariners,85,0.524691358,,,,,,,,,,,,,,,,,,,,,,,,,,,,,,,,,,,,
2018,Cardinals,88,0.543209877,,,,,,,,,,,,,,,,,,,,,,,,,,,,,,,,,,,,
2017,Cardinals,83,0.512345679,,,,,,,,,,,,,,,,,,,,,,,,,,,,,,,,,,,,
2016,Cardinals,86,0.530864198,,,,,,,,,,,,,,,,,,,,,,,,,,,,,,,,,,,,
2015,Cardinals,100,0.617283951,,,,,,,,,,,,,,,,,,,,,,,,,,,,,,,,,,,,
2014,Cardinals,90,0.555555556,,,,,,,,,,,,,,,,,,,,,,,,,,,,,,,,,,,,
2013,Cardinals,97,0.598765432,,,,,,,,,,,,,,,,,,,,,,,,,,,,,,,,,,,,
2012,Cardinals,88,0.543209877,,,,,,,,,,,,,,,,,,,,,,,,,,,,,,,,,,,,
2011,Cardinals,90,0.555555556,,,,,,,,,,,,,,,,,,,,,,,,,,,,,,,,,,,,
2010,Cardinals,86,0.530864198,,,,,,,,,,,,,,,,,,,,,,,,,,,,,,,,,,,,
2009,Cardinals,91,0.561728395,,,,,,,,,,,,,,,,,,,,,,,,,,,,,,,,,,,,
2008,Cardinals,86,0.530864198,,,,,,,,,,,,,,,,,,,,,,,,,,,,,,,,,,,,
2007,Cardinals,78,0.481481481,,,,,,,,,,,,,,,,,,,,,,,,,,,,,,,,,,,,
2006,Cardinals,83,0.512345679,,,,,,,,,,,,,,,,,,,,,,,,,,,,,,,,,,,,
2005,Cardinals,100,0.617283951,,,,,,,,,,,,,,,,,,,,,,,,,,,,,,,,,,,,
2004,Cardinals,105,0.648148148,,,,,,,,,,,,,,,,,,,,,,,,,,,,,,,,,,,,
2003,Cardinals,85,0.524691358,,,,,,,,,,,,,,,,,,,,,,,,,,,,,,,,,,,,
2002,Cardinals,97,0.598765432,,,,,,,,,,,,,,,,,,,,,,,,,,,,,,,,,,,,
2001,Cardinals,93,0.574074074,,,,,,,,,,,,,,,,,,,,,,,,,,,,,,,,,,,,
2000,Cardinals,95,0.586419753,,,,,,,,,,,,,,,,,,,,,,,,,,,,,,,,,,,,
1999,Cardinals,75,0.462962963,,,,,,,,,,,,,,,,,,,,,,,,,,,,,,,,,,,,
1998,Cardinals,83,0.512345679,,,,,,,,,,,,,,,,,,,,,,,,,,,,,,,,,,,,
1997,Cardinals,73,0.450617284,,,,,,,,,,,,,,,,,,,,,,,,,,,,,,,,,,,,
1996,Cardinals,88,0.543209877,,,,,,,,,,,,,,,,,,,,,,,,,,,,,,,,,,,,
2018,Rays,90,0.555555556,,,,,,,,,,,,,,,,,,,,,,,,,,,,,,,,,,,,
2017,Rays,80,0.49382716,,,,,,,,,,,,,,,,,,,,,,,,,,,,,,,,,,,,
2016,Rays,68,0.419753086,,,,,,,,,,,,,,,,,,,,,,,,,,,,,,,,,,,,
2015,Rays,80,0.49382716,,,,,,,,,,,,,,,,,,,,,,,,,,,,,,,,,,,,
2014,Rays,77,0.475308642,,,,,,,,,,,,,,,,,,,,,,,,,,,,,,,,,,,,
2013,Rays,92,0.567901235,,,,,,,,,,,,,,,,,,,,,,,,,,,,,,,,,,,,
2012,Rays,90,0.555555556,,,,,,,,,,,,,,,,,,,,,,,,,,,,,,,,,,,,
2011,Rays,91,0.561728395,,,,,,,,,,,,,,,,,,,,,,,,,,,,,,,,,,,,
2010,Rays,96,0.592592593,,,,,,,,,,,,,,,,,,,,,,,,,,,,,,,,,,,,
2009,Rays,84,0.518518519,,,,,,,,,,,,,,,,,,,,,,,,,,,,,,,,,,,,
2008,Rays,97,0.598765432,,,,,,,,,,,,,,,,,,,,,,,,,,,,,,,,,,,,
2007,Devil Rays,66,0.407407407,,,,,,,,,,,,,,,,,,,,,,,,,,,,,,,,,,,,
2006,Devil Rays,61,0.37654321,,,,,,,,,,,,,,,,,,,,,,,,,,,,,,,,,,,,
2005,Devil Rays,67,0.413580247,,,,,,,,,,,,,,,,,,,,,,,,,,,,,,,,,,,,
2004,Devil Rays,70,0.432098765,,,,,,,,,,,,,,,,,,,,,,,,,,,,,,,,,,,,
2003,Devil Rays,63,0.388888889,,,,,,,,,,,,,,,,,,,,,,,,,,,,,,,,,,,,
2002,Devil Rays,55,0.339506173,,,,,,,,,,,,,,,,,,,,,,,,,,,,,,,,,,,,
2001,Devil Rays,62,0.382716049,,,,,,,,,,,,,,,,,,,,,,,,,,,,,,,,,,,,
2000,Devil Rays,69,0.425925926,,,,,,,,,,,,,,,,,,,,,,,,,,,,,,,,,,,,
1999,Devil Rays,69,0.425925926,,,,,,,,,,,,,,,,,,,,,,,,,,,,,,,,,,,,
1998,Devil Rays,63,0.388888889,,,,,,,,,,,,,,,,,,,,,,,,,,,,,,,,,,,,
1997,Devil Rays,NA,NA,,,,,,,,,,,,,,,,,,,,,,,,,,,,,,,,,,,,
1996,Devil Rays,NA,NA,,,,,,,,,,,,,,,,,,,,,,,,,,,,,,,,,,,,
2018,Rangers,67,0.413580247,,,,,,,,,,,,,,,,,,,,,,,,,,,,,,,,,,,,
2017,Rangers,78,0.481481481,,,,,,,,,,,,,,,,,,,,,,,,,,,,,,,,,,,,
2016,Rangers,95,0.586419753,,,,,,,,,,,,,,,,,,,,,,,,,,,,,,,,,,,,
2015,Rangers,88,0.543209877,,,,,,,,,,,,,,,,,,,,,,,,,,,,,,,,,,,,
2014,Rangers,67,0.413580247,,,,,,,,,,,,,,,,,,,,,,,,,,,,,,,,,,,,
2013,Rangers,91,0.561728395,,,,,,,,,,,,,,,,,,,,,,,,,,,,,,,,,,,,
2012,Rangers,93,0.574074074,,,,,,,,,,,,,,,,,,,,,,,,,,,,,,,,,,,,
2011,Rangers,96,0.592592593,,,,,,,,,,,,,,,,,,,,,,,,,,,,,,,,,,,,
2010,Rangers,90,0.555555556,,,,,,,,,,,,,,,,,,,,,,,,,,,,,,,,,,,,
2009,Rangers,87,0.537037037,,,,,,,,,,,,,,,,,,,,,,,,,,,,,,,,,,,,
2008,Rangers,79,0.487654321,,,,,,,,,,,,,,,,,,,,,,,,,,,,,,,,,,,,
2007,Rangers,75,0.462962963,,,,,,,,,,,,,,,,,,,,,,,,,,,,,,,,,,,,
2006,Rangers,80,0.49382716,,,,,,,,,,,,,,,,,,,,,,,,,,,,,,,,,,,,
2005,Rangers,79,0.487654321,,,,,,,,,,,,,,,,,,,,,,,,,,,,,,,,,,,,
2004,Rangers,89,0.549382716,,,,,,,,,,,,,,,,,,,,,,,,,,,,,,,,,,,,
2003,Rangers,71,0.438271605,,,,,,,,,,,,,,,,,,,,,,,,,,,,,,,,,,,,
2002,Rangers,72,0.444444444,,,,,,,,,,,,,,,,,,,,,,,,,,,,,,,,,,,,
2001,Rangers,73,0.450617284,,,,,,,,,,,,,,,,,,,,,,,,,,,,,,,,,,,,
2000,Rangers,71,0.438271605,,,,,,,,,,,,,,,,,,,,,,,,,,,,,,,,,,,,
1999,Rangers,95,0.586419753,,,,,,,,,,,,,,,,,,,,,,,,,,,,,,,,,,,,
1998,Rangers,88,0.543209877,,,,,,,,,,,,,,,,,,,,,,,,,,,,,,,,,,,,
1997,Rangers,77,0.475308642,,,,,,,,,,,,,,,,,,,,,,,,,,,,,,,,,,,,
1996,Rangers,90,0.555555556,,,,,,,,,,,,,,,,,,,,,,,,,,,,,,,,,,,,
2018,Blue Jays,73,0.450617284,,,,,,,,,,,,,,,,,,,,,,,,,,,,,,,,,,,,
2017,Blue Jays,76,0.469135802,,,,,,,,,,,,,,,,,,,,,,,,,,,,,,,,,,,,
2016,Blue Jays,89,0.549382716,,,,,,,,,,,,,,,,,,,,,,,,,,,,,,,,,,,,
2015,Blue Jays,93,0.574074074,,,,,,,,,,,,,,,,,,,,,,,,,,,,,,,,,,,,
2014,Blue Jays,83,0.512345679,,,,,,,,,,,,,,,,,,,,,,,,,,,,,,,,,,,,
2013,Blue Jays,74,0.456790123,,,,,,,,,,,,,,,,,,,,,,,,,,,,,,,,,,,,
2012,Blue Jays,73,0.450617284,,,,,,,,,,,,,,,,,,,,,,,,,,,,,,,,,,,,
2011,Blue Jays,81,0.5,,,,,,,,,,,,,,,,,,,,,,,,,,,,,,,,,,,,
2010,Blue Jays,85,0.524691358,,,,,,,,,,,,,,,,,,,,,,,,,,,,,,,,,,,,
2009,Blue Jays,75,0.462962963,,,,,,,,,,,,,,,,,,,,,,,,,,,,,,,,,,,,
2008,Blue Jays,86,0.530864198,,,,,,,,,,,,,,,,,,,,,,,,,,,,,,,,,,,,
2007,Blue Jays,83,0.512345679,,,,,,,,,,,,,,,,,,,,,,,,,,,,,,,,,,,,
2006,Blue Jays,87,0.537037037,,,,,,,,,,,,,,,,,,,,,,,,,,,,,,,,,,,,
2005,Blue Jays,80,0.49382716,,,,,,,,,,,,,,,,,,,,,,,,,,,,,,,,,,,,
2004,Blue Jays,67,0.413580247,,,,,,,,,,,,,,,,,,,,,,,,,,,,,,,,,,,,
2003,Blue Jays,86,0.530864198,,,,,,,,,,,,,,,,,,,,,,,,,,,,,,,,,,,,
2002,Blue Jays,78,0.481481481,,,,,,,,,,,,,,,,,,,,,,,,,,,,,,,,,,,,
2001,Blue Jays,80,0.49382716,,,,,,,,,,,,,,,,,,,,,,,,,,,,,,,,,,,,
2000,Blue Jays,83,0.512345679,,,,,,,,,,,,,,,,,,,,,,,,,,,,,,,,,,,,
1999,Blue Jays,84,0.518518519,,,,,,,,,,,,,,,,,,,,,,,,,,,,,,,,,,,,
1998,Blue Jays,88,0.543209877,,,,,,,,,,,,,,,,,,,,,,,,,,,,,,,,,,,,
1997,Blue Jays,76,0.469135802,,,,,,,,,,,,,,,,,,,,,,,,,,,,,,,,,,,,
1996,Blue Jays,74,0.456790123,,,,,,,,,,,,,,,,,,,,,,,,,,,,,,,,,,,,
2018,Nationals,82,0.50617284,,,,,,,,,,,,,,,,,,,,,,,,,,,,,,,,,,,,
2017,Nationals,97,0.598765432,,,,,,,,,,,,,,,,,,,,,,,,,,,,,,,,,,,,
2016,Nationals,95,0.586419753,,,,,,,,,,,,,,,,,,,,,,,,,,,,,,,,,,,,
2015,Nationals,83,0.512345679,,,,,,,,,,,,,,,,,,,,,,,,,,,,,,,,,,,,
2014,Nationals,96,0.592592593,,,,,,,,,,,,,,,,,,,,,,,,,,,,,,,,,,,,
2013,Nationals,86,0.530864198,,,,,,,,,,,,,,,,,,,,,,,,,,,,,,,,,,,,
2012,Nationals,98,0.604938272,,,,,,,,,,,,,,,,,,,,,,,,,,,,,,,,,,,,
2011,Nationals,80,0.49382716,,,,,,,,,,,,,,,,,,,,,,,,,,,,,,,,,,,,
2010,Nationals,69,0.425925926,,,,,,,,,,,,,,,,,,,,,,,,,,,,,,,,,,,,
2009,Nationals,59,0.364197531,,,,,,,,,,,,,,,,,,,,,,,,,,,,,,,,,,,,
2008,Nationals,59,0.364197531,,,,,,,,,,,,,,,,,,,,,,,,,,,,,,,,,,,,
2007,Nationals,73,0.450617284,,,,,,,,,,,,,,,,,,,,,,,,,,,,,,,,,,,,
2006,Nationals,71,0.438271605,,,,,,,,,,,,,,,,,,,,,,,,,,,,,,,,,,,,
2005,Nationals,81,0.5,,,,,,,,,,,,,,,,,,,,,,,,,,,,,,,,,,,,
2004,Expos,67,0.413580247,,,,,,,,,,,,,,,,,,,,,,,,,,,,,,,,,,,,
2003,Expos,83,0.512345679,,,,,,,,,,,,,,,,,,,,,,,,,,,,,,,,,,,,
2002,Expos,83,0.512345679,,,,,,,,,,,,,,,,,,,,,,,,,,,,,,,,,,,,
2001,Expos,68,0.419753086,,,,,,,,,,,,,,,,,,,,,,,,,,,,,,,,,,,,
2000,Expos,67,0.413580247,,,,,,,,,,,,,,,,,,,,,,,,,,,,,,,,,,,,
1999,Expos,68,0.419753086,,,,,,,,,,,,,,,,,,,,,,,,,,,,,,,,,,,,
1998,Expos,65,0.401234568,,,,,,,,,,,,,,,,,,,,,,,,,,,,,,,,,,,,
1997,Expos,78,0.481481481,,,,,,,,,,,,,,,,,,,,,,,,,,,,,,,,,,,,
1996,Expos,88,0.543209877,,,,,,,,,,,,,,,,,,,,,,,,,,,,,,,,,,,,